t,v1,v2
0,0,0
1e-05,5,0.04950495049504951
2e-05,5,0.09851975296539556
3.0000000000000004e-05,5,0.1470492603617778
4e-05,5,0.1950982775859186
5e-05,5,0.24267156196625606
6e-05,5,0.2897738237289664
7.000000000000001e-05,5,0.33640972646432316
8e-05,5,0.38258388758843875
9e-05,5,0.4283008788004344
1e-04,5,0.47356522653508354
0.00011,5,0.5183814124109738
0.00012,5,0.5627538736742315
0.00013000000000000002,5,0.6066870036378529
0.00014000000000000001,5,0.650185152116686
0.00015000000000000001,5,0.693252625858105
0.00016,5,0.7358936889684209
0.00017,5,0.7781125633350703
0.00018,5,0.819913429044624
0.00019,5,0.8613004247966576
2e-04,5,0.9022776483135224
0.00021,5,0.9428491567460618
0.00022,5,0.9830189670753088
0.00023,5,1.0227910565102067
0.00024,5,1.0621693628813929
0.00025,5,1.101157785031082
0.00026000000000000003,5,1.1397601831990913
0.00027000000000000006,5,1.177980379405041
0.0002800000000000001,5,1.2158221578267732
0.0002900000000000001,5,1.253289265175023
0.00030000000000000014,5,1.290385411064379
0.00031000000000000016,5,1.3271142683805734
0.0003200000000000002,5,1.3634794736441322
0.0003300000000000002,5,1.399484627370428
0.00034000000000000024,5,1.4351332944261663
0.00035000000000000027,5,1.4704290043823431
0.0003600000000000003,5,1.5053752518637062
0.0003700000000000003,5,1.5399754968947588
0.00038000000000000035,5,1.5742331652423356
0.00039000000000000037,5,1.6081516487547878
0.0004000000000000004,5,1.6417343056978095
0.0004100000000000004,5,1.6749844610869402
0.00042000000000000045,5,1.7079054070167723
0.0004300000000000005,5,1.7405004029869031
0.0004400000000000005,5,1.7727726762246565
0.00045000000000000053,5,1.8047254220046103
0.00046000000000000056,5,1.8363618039649607
0.0004700000000000006,5,1.8676849544207534
0.0004800000000000006,5,1.8986979746740134
0.0004900000000000006,5,1.9294039353208052
0.0005000000000000007,5,1.9598058765552526
0.0005100000000000007,5,1.9899068084705474
0.0005200000000000007,5,2.0197097113569775
0.0005300000000000007,5,2.0492175359970073
0.0005400000000000008,5,2.078433203957433
0.0005500000000000008,5,2.1073596078786467
0.0005600000000000008,5,2.1359996117610365
0.0005700000000000008,5,2.164356051248551
0.0005800000000000009,5,2.1924317339094563
0.0005900000000000009,5,2.220229439514313
0.0006000000000000009,5,2.247751920311201
0.000610000000000001,5,2.2750019012982188
0.000620000000000001,5,2.301982080493286
0.000630000000000001,5,2.3286951292012734
0.000640000000000001,5,2.3551436922784887
0.0006500000000000011,5,2.3813303883945434
0.0006600000000000011,5,2.407257810291627
0.0006700000000000011,5,2.432928525041215
0.0006800000000000011,5,2.4583450742982325
0.0006900000000000012,5,2.4835099745527054
0.0007000000000000012,5,2.508425717378916
0.0007100000000000012,5,2.533094769682095
0.0007200000000000012,5,2.5575195739426686
0.0007300000000000013,5,2.5817025484580873
0.0007400000000000013,5,2.6056460875822647
0.0007500000000000013,5,2.6293525619626386
0.0007600000000000013,5,2.65282431877489
0.0007700000000000014,5,2.6760636819553363
0.0007800000000000014,5,2.699072952431026
0.0007900000000000014,5,2.7218544083475504
0.0008000000000000014,5,2.7444103052946045
0.0008100000000000015,5,2.7667428765293116
0.0008200000000000015,5,2.788854333197338
0.0008300000000000015,5,2.8107468645518194
0.0008400000000000016,5,2.8324226381701183
0.0008500000000000016,5,2.853883800168434
0.0008600000000000016,5,2.875132475414291
0.0008700000000000016,5,2.8961707677369213
0.0008800000000000017,5,2.9170007601355654
0.0008900000000000017,5,2.9376245149857083
0.0009000000000000017,5,2.9580440742432756
0.0009100000000000017,5,2.978261459646808
0.0009200000000000018,5,2.9982786729176314
0.0009300000000000018,5,3.018097695958051
0.0009400000000000018,5,3.0377204910475752
0.0009500000000000018,5,3.0571490010372036
0.0009600000000000019,5,3.0763851495417858
0.0009700000000000019,5,3.0954308411304807
0.000980000000000002,5,3.1142879615153274
0.000990000000000002,5,3.1329583777379484
0.001000000000000002,5,3.1514439383544044
0.001010000000000002,5,3.169746473618222
0.001020000000000002,5,3.187867795661606
0.001030000000000002,5,3.2058096986748574
0.001040000000000002,5,3.2235739590840176
0.001050000000000002,5,3.24116233572675
0.0010600000000000021,5,3.2585765700264853
0.0010700000000000022,5,3.275818386164837
0.0010800000000000022,5,3.292889491252314
0.0010900000000000022,5,3.3097915754973406
0.0011000000000000022,5,3.3265263123736046
0.0011100000000000023,5,3.3430953587857473
0.0011200000000000023,5,3.359500355233413
0.0011300000000000023,5,3.3757429259736766
0.0011400000000000023,5,3.391824679181858
0.0011500000000000024,5,3.407747207110751
0.0011600000000000024,5,3.423512086248268
0.0011700000000000024,5,3.4391208774735325
0.0011800000000000024,5,3.4545751262114184
0.0011900000000000025,5,3.469876362585563
0.0012000000000000025,5,3.4850261015698645
0.0012100000000000025,5,3.50002584313848
0.0012200000000000025,5,3.5148770724143366
0.0012300000000000026,5,3.529581259816175
0.0012400000000000026,5,3.5441398612041337
0.0012500000000000026,5,3.5585543180238948
0.0012600000000000027,5,3.572826057449401
0.0012700000000000027,5,3.586956492524159
0.0012800000000000027,5,3.6009470223011477
0.0012900000000000027,5,3.6147990319813346
0.0013000000000000028,5,3.6285138930508265
0.0013100000000000028,5,3.6420929634166597
0.0013200000000000028,5,3.655537587541247
0.0013300000000000028,5,3.668849096575492
0.0013400000000000029,5,3.682028808490586
0.0013500000000000029,5,3.695078028208501
0.001360000000000003,5,3.707998047731189
0.001370000000000003,5,3.720790146268504
0.001380000000000003,5,3.733455590364856
0.001390000000000003,5,3.7459956340246094
0.001400000000000003,5,3.758411518836247
0.001410000000000003,5,3.770704474095294
0.001420000000000003,5,3.782875716926034
0.001430000000000003,5,3.794926452402014
0.0014400000000000031,5,3.8068578736653604
0.0014500000000000032,5,3.8186711620449114
0.0014600000000000032,5,3.8303674871731794
0.0014700000000000032,5,3.841948007102158
0.0014800000000000032,5,3.853413868417978
0.0014900000000000033,5,3.864766206354434
0.0015000000000000033,5,3.87600614490538
0.0015100000000000033,5,3.8871347969360195
0.0015200000000000033,5,3.8981532642930885
0.0015300000000000034,5,3.9090626379139493
0.0015400000000000034,5,3.919863997934603
0.0015500000000000034,5,3.930558413796636
0.0015600000000000034,5,3.9411469443531053
0.0015700000000000035,5,3.9516306379733717
0.0015800000000000035,5,3.9620105326469024
0.0015900000000000035,5,3.9722876560860416
0.0016000000000000035,5,3.982463025827764
0.0016100000000000036,5,3.99253764933442
0.0016200000000000036,5,4.002512524093485
0.0016300000000000036,5,4.012388637716322
0.0016400000000000037,5,4.022166968035962
0.0016500000000000037,5,4.031848483203923
0.0016600000000000037,5,4.041434141786063
0.0016700000000000037,5,4.050924892857488
0.0016800000000000038,5,4.060321676096523
0.0016900000000000038,5,4.0696254218777455
0.0017000000000000038,5,4.078837051364104
0.0017100000000000038,5,4.087957476598123
0.0017200000000000039,5,4.096987600592201
0.0017300000000000039,5,4.105928317418021
0.001740000000000004,5,4.114780512295071
0.001750000000000004,5,4.123545061678288
0.001760000000000004,5,4.13222283334484
0.001770000000000004,5,4.14081468648004
0.001780000000000004,5,4.149321471762415
0.001790000000000004,5,4.157744031447936
0.001800000000000004,5,4.166083199453402
0.001810000000000004,5,4.174339801439012
0.0018200000000000041,5,4.18251465489011
0.0018300000000000041,5,4.190608569198129
0.0018400000000000042,5,4.198622345740722
0.0018500000000000042,5,4.206556777961111
0.0018600000000000042,5,4.2144126514466445
0.0018700000000000043,5,4.2221907440065785
0.0018800000000000043,5,4.229891825749087
0.0018900000000000043,5,4.237516659157512
0.0019000000000000043,5,4.2450659991658535
0.0019100000000000044,5,4.252540593233518
0.0019200000000000044,5,4.259941181419324
0.0019300000000000044,5,4.2672684964547765
0.0019400000000000044,5,4.274523263816611
0.0019500000000000045,5,4.281706201798625
0.0019600000000000043,5,4.288818021582797
0.0019700000000000043,5,4.2958594273097
0.0019800000000000043,5,4.302831116148218
0.0019900000000000044,5,4.309733778364572
0.0020000000000000044,5,4.316568097390666
0.0020100000000000044,5,4.323334749891749
0.0020200000000000044,5,4.330034405833414
0.0020300000000000045,5,4.336667728547935
0.0020400000000000045,5,4.343235374799936
0.0020500000000000045,5,4.349737994851422
0.0020600000000000045,5,4.356176232526161
0.0020700000000000046,5,4.362550725273427
0.0020800000000000046,5,4.368862104231115
0.0020900000000000046,5,4.375110994288233
0.0021000000000000046,5,4.381298014146766
0.0021100000000000047,5,4.387423776382937
0.0021200000000000047,5,4.393488887507858
0.0021300000000000047,5,4.399493948027582
0.0021400000000000047,5,4.405439552502557
0.0021500000000000048,5,4.4113262896064915
0.002160000000000005,5,4.417154742184645
0.002170000000000005,5,4.42292548731153
0.002180000000000005,5,4.42863909634805
0.002190000000000005,5,4.434296134998069
0.002200000000000005,5,4.439897163364425
0.002210000000000005,5,4.445442736004382
0.002220000000000005,5,4.450933401984536
0.002230000000000005,5,4.4563697049351845
0.002240000000000005,5,4.461752183104143
0.002250000000000005,5,4.467081369410042
0.002260000000000005,5,4.472357791495091
0.002270000000000005,5,4.477581971777319
0.002280000000000005,5,4.482754427502296
0.002290000000000005,5,4.487875670794352
0.002300000000000005,5,4.49294620870728
0.002310000000000005,5,4.497966543274535
0.0023200000000000052,5,4.502937171558945
0.0023300000000000052,5,4.507858585701926
0.0023400000000000053,5,4.5127312729722036
0.0023500000000000053,5,4.517555715814063
0.0023600000000000053,5,4.522332391895112
0.0023700000000000053,5,4.527061774153577
0.0023800000000000054,5,4.531744330845125
0.0023900000000000054,5,4.536380525589233
0.0024000000000000054,5,4.540970817415082
0.0024100000000000055,5,4.545515660807012
0.0024200000000000055,5,4.550015505749516
0.0024300000000000055,5,4.554470797771798
0.0024400000000000055,5,4.55888197799188
0.0024500000000000056,5,4.563249483160277
0.0024600000000000056,5,4.567573745703244
0.0024700000000000056,5,4.571855193765589
0.0024800000000000056,5,4.576094251253058
0.0024900000000000057,5,4.580291337874314
0.0025000000000000057,5,4.584446869182489
0.0025100000000000057,5,4.588561256616326
0.0025200000000000057,5,4.5926349075409165
0.0025300000000000058,5,4.596668225288036
0.002540000000000006,5,4.6006616091960755
0.002550000000000006,5,4.604615454649579
0.002560000000000006,5,4.608530153118395
0.002570000000000006,5,4.612406092196431
0.002580000000000006,5,4.61624365564003
0.002590000000000006,5,4.620043223405971
0.002600000000000006,5,4.623805171689081
0.002610000000000006,5,4.627529872959486
0.002620000000000006,5,4.631217695999491
0.002630000000000006,5,4.63486900594009
0.002640000000000006,5,4.638484164297119
0.002650000000000006,5,4.642063529007048
0.002660000000000006,5,4.645607454462424
0.002670000000000006,5,4.649116291546955
0.002680000000000006,5,4.652590387670252
0.002690000000000006,5,4.65603008680223
0.002700000000000006,5,4.659435729507158
0.0027100000000000062,5,4.662807652977384
0.0027200000000000063,5,4.666146191066717
0.0027300000000000063,5,4.669451674323482
0.0027400000000000063,5,4.6727244300232496
0.0027500000000000063,5,4.675964782201237
0.0027600000000000064,5,4.679173051684392
0.0027700000000000064,5,4.682349556123161
0.0027800000000000064,5,4.685494610022932
0.0027900000000000065,5,4.68860852477518
0.0028000000000000065,5,4.691691608688297
0.0028100000000000065,5,4.694744167018116
0.0028200000000000065,5,4.697766501998134
0.0028300000000000066,5,4.70075891286944
0.0028400000000000066,5,4.703721695910336
0.0028500000000000066,5,4.706655144465679
0.0028600000000000066,5,4.709559548975919
0.0028700000000000067,5,4.712435197005861
0.0028800000000000067,5,4.715282373273129
0.0028900000000000067,5,4.718101359676365
0.0029000000000000067,5,4.720892435323133
0.0029100000000000068,5,4.723655876557558
0.002920000000000007,5,4.7263919569876816
0.002930000000000007,5,4.729100947512556
0.002940000000000007,5,4.731783116349066
0.002950000000000007,5,4.734438729058481
0.002960000000000007,5,4.737068048572754
0.002970000000000007,5,4.739671335220549
0.002980000000000007,5,4.742248846753019
0.002990000000000007,5,4.744800838369326
0.003000000000000007,5,4.747327562741907
0.003010000000000007,5,4.749829270041492
0.003020000000000007,5,4.752306207961873
0.003030000000000007,5,4.754758621744429
0.003040000000000007,5,4.757186754202405
0.003050000000000007,5,4.759590845744956
0.003060000000000007,5,4.761971134400946
0.003070000000000007,5,4.764327855842521
0.003080000000000007,5,4.7666612434084366
0.0030900000000000072,5,4.768971528127165
0.0031000000000000073,5,4.771258938739767
0.0031100000000000073,5,4.773523701722542
0.0031200000000000073,5,4.775766041309447
0.0031300000000000073,5,4.777986179514304
0.0031400000000000074,5,4.780184336152776
0.0031500000000000074,5,4.782360728864135
0.0031600000000000074,5,4.784515573132807
0.0031700000000000074,5,4.78664908230971
0.0031800000000000075,5,4.7887614676333765
0.0031900000000000075,5,4.790852938250868
0.0032000000000000075,5,4.792923701238483
0.0032100000000000076,5,4.794973961622261
0.0032200000000000076,5,4.797003922398278
0.0032300000000000076,5,4.79901378455275
0.0032400000000000076,5,4.801003747081931
0.0032500000000000077,5,4.802974007011813
0.0032600000000000077,5,4.804924759417637
0.0032700000000000077,5,4.806856197443205
0.0032800000000000077,5,4.808768512320005
0.0032900000000000078,5,4.810661893386143
0.003300000000000008,5,4.812536528105093
0.003310000000000008,5,4.814392602084251
0.003320000000000008,5,4.816230299093317
0.003330000000000008,5,4.818049801082492
0.003340000000000008,5,4.819851288200487
0.003350000000000008,5,4.821634938812363
0.003360000000000008,5,4.823400929517192
0.003370000000000008,5,4.825149435165536
0.003380000000000008,5,4.8268806288767685
0.003390000000000008,5,4.828594682056206
0.003400000000000008,5,4.830291764412085
0.003410000000000008,5,4.831972043972361
0.003420000000000008,5,4.8336356871013475
0.003430000000000008,5,4.8352828585161856
0.003440000000000008,5,4.836913721303154
0.003450000000000008,5,4.838528436933816
0.003460000000000008,5,4.8401271652810065
0.0034700000000000082,5,4.84171006463466
0.0034800000000000083,5,4.843277291717485
0.0034900000000000083,5,4.8448290017004805
0.0035000000000000083,5,4.846365348218297
0.0035100000000000083,5,4.847886483384452
0.0035200000000000084,5,4.849392557806389
0.0035300000000000084,5,4.850883720600384
0.0035400000000000084,5,4.852360119406321
0.0035500000000000084,5,4.853821900402298
0.0035600000000000085,5,4.855269208319108
0.0035700000000000085,5,4.856702186454562
0.0035800000000000085,5,4.858120976687685
0.0035900000000000085,5,4.8595257194927575
0.0036000000000000086,5,4.860916553953225
0.0036100000000000086,5,4.86229361777547
0.0036200000000000086,5,4.863657047302445
0.0036300000000000087,5,4.865006977527173
0.0036400000000000087,5,4.866343542106112
0.0036500000000000087,5,4.867666873372388
0.0036600000000000087,5,4.868977102348898
0.0036700000000000088,5,4.870274358761286
0.003680000000000009,5,4.871558771050778
0.003690000000000009,5,4.872830466386909
0.003700000000000009,5,4.874089570680108
0.003710000000000009,5,4.875336208594167
0.003720000000000009,5,4.876570503558581
0.003730000000000009,5,4.877792577780773
0.003740000000000009,5,4.879002552258191
0.003750000000000009,5,4.880200546790288
0.003760000000000009,5,4.881386679990384
0.003770000000000009,5,4.88256106929741
0.003780000000000009,5,4.883723830987535
0.003790000000000009,5,4.884875080185678
0.003800000000000009,5,4.886014930876908
0.003810000000000009,5,4.887143495917731
0.003820000000000009,5,4.888260887047259
0.003830000000000009,5,4.889367214898276
0.003840000000000009,5,4.8904625890081945
0.0038500000000000092,5,4.891547117829896
0.0038600000000000093,5,4.8926209087424715
0.0038700000000000093,5,4.8936840680618525
0.0038800000000000093,5,4.894736701051339
0.0038900000000000093,5,4.895778911932019
0.0039000000000000094,5,4.8968108038930875
0.003910000000000009,5,4.897832479102067
0.0039200000000000085,5,4.898844038714917
0.003930000000000008,5,4.899845582886057
0.003940000000000008,5,4.900837210778274
0.003950000000000007,5,4.901819020572549
0.003960000000000007,5,4.9027911094777705
0.0039700000000000065,5,4.903753573740366
0.003980000000000006,5,4.904706508653828
0.003990000000000006,5,4.905650008568147
0.004000000000000005,5,4.906584166899155
0.004010000000000005,5,4.907509076137778
0.0040200000000000045,5,4.908424827859186
0.004030000000000004,5,4.909331512731867
0.004040000000000004,5,4.910229220526601
0.004050000000000003,5,4.911118040125347
0.004060000000000003,5,4.911998059530046
0.0040700000000000024,5,4.912869365871333
0.004080000000000002,5,4.913732045417161
0.004090000000000002,5,4.914586183581347
0.004100000000000001,5,4.915431864932027
0.004110000000000001,5,4.9162691732000265
0.00412,5,4.917098191287155
0.00413,5,4.917919001274411
0.00414,5,4.91873168443011
0.004149999999999999,5,4.919536321217931
0.004159999999999999,5,4.920332991304883
0.004169999999999998,5,4.92112177356919
0.004179999999999998,5,4.921902746108109
0.0041899999999999975,5,4.922675986245652
0.004199999999999997,5,4.923441570540249
0.004209999999999997,5,4.924199574792326
0.004219999999999996,5,4.924950074051808
0.004229999999999996,5,4.925693142625552
0.0042399999999999955,5,4.926428854084705
0.004249999999999995,5,4.9271572812719855
0.004259999999999995,5,4.927878496308896
0.004269999999999994,5,4.928592570602867
0.004279999999999994,5,4.929299574854324
0.0042899999999999935,5,4.929999579063687
0.004299999999999993,5,4.930692652538304
0.004309999999999993,5,4.931378863899311
0.004319999999999992,5,4.932058281088427
0.004329999999999992,5,4.93273097137468
0.0043399999999999914,5,4.933397001361069
0.004349999999999991,5,4.934056436991157
0.004359999999999991,5,4.934709343555601
0.00436999999999999,5,4.935355785698614
0.00437999999999999,5,4.93599582742437
0.004389999999999989,5,4.936629532103336
0.004399999999999989,5,4.937256962478551
0.004409999999999989,5,4.937878180671832
0.004419999999999988,5,4.938493248189933
0.004429999999999988,5,4.939102225930626
0.004439999999999987,5,4.939705174188739
0.004449999999999987,5,4.940302152662118
0.0044599999999999865,5,4.940893220457542
0.004469999999999986,5,4.941478436096577
0.004479999999999986,5,4.942057857521363
0.004489999999999985,5,4.94263154210036
0.004499999999999985,5,4.94319954663402
0.0045099999999999845,5,4.943761927360415
0.004519999999999984,5,4.944318739960807
0.004529999999999984,5,4.9448700395651555
0.004539999999999983,5,4.945415880757579
0.004549999999999983,5,4.945956317581762
0.0045599999999999825,5,4.946491403546299
0.004569999999999982,5,4.947021191629998
0.004579999999999982,5,4.947545734287127
0.004589999999999981,5,4.948065083452601
0.004599999999999981,5,4.94857929054713
0.00460999999999998,5,4.949088406482307
0.00461999999999998,5,4.9495924816656505
0.00462999999999998,5,4.950091566005595
0.004639999999999979,5,4.950585708916431
0.004649999999999979,5,4.951074959323198
0.004659999999999978,5,4.951559365666532
0.004669999999999978,5,4.952038975907457
0.004679999999999978,5,4.952513837532136
0.004689999999999977,5,4.95298399755657
0.004699999999999977,5,4.9534495025312575
0.004709999999999976,5,4.953910398545799
0.004719999999999976,5,4.954366731233463
0.0047299999999999755,5,4.954818545775706
0.004739999999999975,5,4.9552658869066395
0.004749999999999975,5,4.955708798917465
0.004759999999999974,5,4.956147325660856
0.004769999999999974,5,4.956581510555303
0.0047799999999999735,5,4.957011396589409
0.004789999999999973,5,4.957437026326147
0.004799999999999973,5,4.957858441907076
0.004809999999999972,5,4.9582756850565115
0.004819999999999972,5,4.958688797085655
0.0048299999999999715,5,4.959097818896688
0.004839999999999971,5,4.95950279098682
0.004849999999999971,5,4.959903753452297
0.00485999999999997,5,4.960300745992373
0.00486999999999997,5,4.96069380791324
0.004879999999999969,5,4.9610829781319215
0.004889999999999969,5,4.96146829518012
0.004899999999999969,5,4.961849797208039
0.004909999999999968,5,4.962227521988158
0.004919999999999968,5,4.962601506918968
0.004929999999999967,5,4.962971789028681
0.004939999999999967,5,4.9633384049788924
0.004949999999999967,5,4.96370139106821
0.004959999999999966,5,4.964060783235851
0.004969999999999966,5,4.964416617065199
0.004979999999999965,5,4.9647689277873255
0.004989999999999965,5,4.965117750284481
0.0049999999999999645,5,4.965463119093545
